# varDiff, h, h, h, A, B
0.000000000000000000e+00 1.000000000000000000e+00 2.000000000000000000e+00 3.000000000000000000e+00 1.000000000000000000e+01 2.000000000000000000e+01
9.000000000000000222e-01 0.000000000000000000e+00 1.000000000000000000e+00 2.000000000000000000e+00 1.100000000000000000e+01 2.100000000000000000e+01
